line,photo_id,perimeter1_cm,width1_cm,heigth1_cm,perimeter2_cm,width2_cm,heigth2_cm,prox_angl_macr,distal_angl_macr,tomat_pericap_area,tomat_pericap_area_ratio,tomat_pericap_thick,tomat_pericap_thick_ratio
147,6742,84.32,16.8,31.41,87.67,17.61,32.41,101.60,112.00,90.94,0.19,1.09,0.20
132,6744,75.96,18.63,25.27,82.09,19.57,26.66,118.30,122.70,73.39,0.18,0.93,0.20
20,6745,69.47,18,23.02,73.99,18.98,24.28,124.00,136.90,65.64,0.18,0.92,0.20
83,6746,74.58,14.73,27.44,80.63,15.52,28.92,108.60,101.70,63.50,0.18,0.81,0.20
119,6748,79.19,15.29,30.22,84.72,16.08,31.85,100.50,88.60,73.25,0.18,0.90,0.20
475,6752,54.12,11.96,19.26,62.29,12.39,20.29,97.30,115.00,35.78,0.18,0.60,0.20
304,6753,74.15,19.1,24.71,79.59,20.01,26.01,124.60,126.60,50.82,0.12,0.66,0.20
311,6756,76.99,20.85,23.45,79.57,21.72,24.67,148.30,143.20,100.53,0.23,1.33,0.20
150,6757,66.93,18.04,21.56,70.45,18.95,22.80,115.40,133.00,66.58,0.20,0.99,0.20
154,6760,94.21,20,33.33,98.04,21.10,35.11,107.00,109.10,39.03,0.06,0.40,0.20
459,6761,72.32,19.31,23.05,76.37,20.32,24.14,131.70,141.50,70.84,0.18,0.97,0.20
6,6763,91.59,25.14,28.31,96.33,26.49,29.81,147.70,142.40,125.96,0.19,1.37,0.20
307,6764,72.49,19.4,23.55,76.25,20.77,24.76,124.90,137.50,79.23,0.19,1.09,0.20
440,6765,87.99,20.06,31.75,92.94,21.10,33.44,114.20,99.20,126.21,0.23,1.43,0.20
130,6766,64.04,16.03,21.64,68.59,16.80,22.86,121.60,128.60,43.59,0.14,0.65,0.20
121,6767,74.95,18.28,25.61,78.94,19.20,26.96,121.00,125.70,81.78,0.19,1.08,0.20
122,6768,75.77,17.01,26.86,80.20,17.84,28.25,109.50,117.90,94.85,0.23,1.25,0.20
436,6769,78.02,22.28,23.49,81.98,23.39,24.76,148.20,147.70,99.99,0.21,1.28,0.20
261,6771,92.34,18.6,33.94,96.62,19.59,35.78,93.40,105.80,47.89,0.08,0.50,0.20
149,6774,61.19,15.74,19.87,64.18,16.50,20.77,142.20,132.20,38.80,0.14,0.62,0.20
310,6775,90.16,18.07,34.42,95.15,19.01,36.23,99.90,89.60,94.85,0.18,1.04,0.20
478,6777,83.91,16.72,32.09,87.73,17.56,33.75,101.10,69.90,64.29,0.14,0.76,0.20
301,6778,56.49,12.27,20.96,64.51,12.92,22.08,104.50,105.20,40.44,0.18,0.65,0.20
148,6779,66.56,17.97,21.59,79.40,20.54,25.65,125.60,144.60,60.36,0.14,0.78,0.20
281,6780,60.95,16.64,19.24,65.06,17.56,20.26,143.10,141.00,50.50,0.18,0.81,0.20
462,6781,65.49,16.66,20.98,68.37,17.56,21.69,130.90,136.60,54.73,0.18,0.83,0.20
449,6783,76.48,15.02,28.92,80.72,16.11,30.26,102.10,96.40,69.17,0.18,0.89,0.20
142,6784,70.54,18.86,22.73,74.71,19.85,23.98,131.40,134.50,53.51,0.14,0.74,0.20
124,6785,76.69,18.09,26.04,80.91,19.01,27.44,123.60,120.60,85.49,0.19,1.11,0.20
117,6786,74.19,20.29,23.34,78.30,21.27,24.53,142.40,144.40,89.66,0.21,1.20,0.20
269,6787,76.51,19.13,25.85,81.12,20.04,27.24,128.70,126.90,93.18,0.21,1.21,0.20
91,6791,71.73,19.02,22.6,76.06,20.01,23.78,148.20,140.90,76.94,0.19,1.06,0.20
106,6793,79.19,20.93,20.51,83.23,21.99,26.82,136.60,137.90,93.22,0.19,1.17,0.20
279,6794,82.33,21.51,26.78,86.21,22.64,28.19,128.80,137.50,118.91,0.23,1.46,0.20
442,6797,77.96,15.43,29.45,83.58,16.30,31.07,99.00,98.60,66.09,0.16,0.82,0.20
455,6798,51.78,11.64,18.55,60.58,12.23,19.62,108.60,112.60,16.78,0.09,0.28,0.20
283,6799,81.7,18.73,28.76,86.74,19.62,30.17,121.80,111.10,85.07,0.18,1.02,0.20
466,6800,86.09,21.09,28.92,90.70,22.22,30.45,126.90,127.90,77.19,0.14,0.88,0.20
300,6803,80.42,21.29,24.79,82.18,22.41,25.71,138.10,145.50,98.88,0.21,1.26,0.20
456,6804,68.57,18.42,22.01,72.36,19.34,23.17,139.50,136.50,70.69,0.19,1.02,0.20
468,6805,68.23,18.73,21.46,72.32,19.62,22.58,138.60,27.30,50.31,0.14,0.72,0.20
39,6810,82.97,18.92,29.58,86.16,19.57,31.12,105.90,108.80,85.34,0.18,1.03,0.20
66,6811,68.08,17.3,21.03,69.56,18.20,22.08,129.70,137.60,57.42,0.18,0.86,0.20
93,6812,65.16,16.43,20.35,67.54,17.17,21.44,121.70,138.20,41.98,0.14,0.64,0.20
75,6813,86.08,19.15,29.37,89.23,19.87,30.95,108.00,128.30,79.42,0.16,0.92,0.20
101,6814,73.25,18.26,23.81,73.97,19.15,25.01,113.40,127.80,84.95,0.23,1.21,0.20
69,6815,74.69,18.92,24.42,79.19,19.93,25.71,125.30,144.90,97.09,0.23,1.30,0.20
53,6817,71.76,19.18,23.42,75.57,20.18,24.59,127.20,134.20,90.60,0.23,1.26,0.20
54,6818,79.49,19.84,26.51,83.99,20.85,27.88,125.60,129.30,83.76,0.18,1.04,0.20
805,6824,72.73,15.77,26.33,81.26,16.61,27.74,113.10,99.00,56.58,0.16,0.72,0.19
766,6826,89.67,19.5,30.67,92.62,20.49,32.18,117.00,119.10,87.54,0.16,0.98,0.20
255,6828,76.85,18.07,25.56,78.22,18.98,26.68,121.00,127.70,79.05,0.19,1.06,0.20
650,6830,71.75,18.83,23.25,77.83,19.54,24.81,131.20,138.20,75.28,0.19,1.01,0.20
851,6831,88.9,22.7,28.92,93.38,23.86,30.40,134.40,133.00,126.70,0.21,1.42,0.20
581,6833,71.33,15.72,26.41,75.32,16.50,27.66,103.20,94.30,70.43,0.20,0.98,0.20
794,6834,62.94,15.58,21.91,66.89,16.27,22.86,121.00,113.90,50.37,0.18,0.78,0.21
835,6836,65.64,17.99,20.87,69.71,18.81,21.77,136.40,141.70,52.74,0.16,0.78,0.20
817,6838,66.41,17.44,21.4,70.05,18.23,22.50,139.70,143.80,53.35,0.16,0.79,0.20
580,6841,94.44,22.11,33.68,98.71,23.25,34.67,123.10,106.10,125.68,0.19,1.33,0.20
623,6845,81.64,22.52,25.61,85.92,23.70,26.96,135.50,145.40,80.78,0.16,0.97,0.20
649,6846,88.7,19.9,31.88,92.38,20.88,32.88,115.50,100.80,86.46,0.16,0.97,0.20
837,6847,90.99,21.83,30.64,95.10,22.83,32.18,128.10,132.50,118.90,0.19,1.31,0.20
762,6848,63.2,15.85,21.38,75.34,16.66,22.50,123.80,118.60,46.86,0.16,0.65,0.20
874,6849,73.2,20.24,22.36,76.44,21.30,23.42,149.90,150.00,85.73,0.21,1.18,0.20
791,6851,88.03,19.21,31.38,92.44,20.18,33.02,100.70,120.90,104.76,0.19,1.18,0.20
670,6852,57.74,11.72,22.03,63.93,12.28,23.03,98.20,88.00,14.60,0.07,0.23,0.20
406,6853,91.77,21.83,32.12,96.99,22.86,33.80,105.70,132.70,109.85,0.17,1.18,0.20
593,6857,92.7,20.61,33.42,97.44,21.66,35.00,115.20,102.00,107.15,0.18,1.14,0.20
831,6858,69.83,16.75,23.44,73.68,17.58,24.51,130.20,131.80,56.88,0.16,0.80,0.20
430,6859,74.31,18.11,23.28,74.99,18.87,24.65,135.00,127.00,73.71,0.19,1.03,0.20
760,6861,81.24,21.29,26.99,84.52,22.30,28.05,136.70,115.70,85.77,0.18,1.06,0.20
427,6862,92.07,21.3,32.25,97.00,22.36,33.94,124.80,114.40,121.32,0.19,1.31,0.20
641,6863,73.86,16.67,26.22,78.15,17.50,27.41,108.00,120.50,69.66,0.18,0.93,0.20
228,6866,70.59,17.38,23.5,74.37,18.20,24.67,137.50,125.90,65.30,0.18,0.92,0.20
604,6867,80.91,18.57,27.83,85.93,19.48,29.36,123.90,120.20,74.82,0.16,0.90,0.20
796,6868,75.28,18.97,25,78.79,19.90,25.99,138.20,122.70,74.89,0.18,0.99,0.20
630,6869,66.11,16.98,21.78,70.18,17.84,22.89,131.30,132.10,64.76,0.20,0.97,0.20
764,6870,79,16.35,28.99,83.01,17.19,30.56,99.40,93.70,65.27,0.16,0.81,0.20
583,6872,61.37,15.29,20.53,65.87,16.11,21.38,127.10,131.60,54.97,0.20,0.87,0.20
829,6873,87.03,22.04,28.52,91.93,23.22,30.03,136.60,134.90,90.85,0.16,1.02,0.20
616,6874,80.67,14.86,31.06,87.17,15.60,32.69,97.40,90.90,64.17,0.16,0.76,0.20
844,6875,55.98,15.85,17.52,60.39,16.64,18.28,141.80,138.70,47.40,0.20,0.82,0.20
624,6876,70.26,17.41,23.34,73.98,18.25,24.45,121.00,134.60,63.86,0.18,0.90,0.20
233,6879,77.2,20.35,25.24,81.24,21.30,26.27,134.00,136.30,70.94,0.16,0.90,0.20
607,6880,73.73,20.29,23.15,77.34,21.27,24.17,136.90,147.20,73.19,0.18,0.98,0.20
827,6881,77.8,20.08,25.03,81.51,20.99,26.13,133.40,133.40,77.97,0.18,0.99,0.20
781,6884,62.38,15.39,21.22,67.18,16.13,22.22,120.00,127.60,51.67,0.18,0.80,0.20
765,6885,60.25,14.31,20.69,70.33,14.88,21.80,122.10,122.50,51.79,0.20,0.77,0.20
823,6891,72.47,18.94,23.81,76.59,19.96,24.93,133.90,140.50,77.53,0.19,1.06,0.20
870,6893,81.11,19.58,27.91,85.42,20.57,29.31,122.80,121.70,93.80,0.19,1.15,0.20
575,6894,64.22,17.38,20.79,69.87,18.34,21.97,130.30,139.80,62.73,0.20,0.94,0.20
586,6899,78.33,16.75,28.42,82.32,17.56,29.84,107.10,105.80,84.16,0.19,1.07,0.20
656,6900,77.87,15.85,28.92,81.60,16.64,30.23,101.90,106.60,79.62,0.19,1.02,0.20
673,6901,85.51,17.3,31.86,89.71,18.20,33.27,98.70,106.40,96.61,0.19,1.13,0.20
785,6903,69.93,17.7,20.82,69.66,18.62,21.88,132.10,142.50,64.26,0.20,0.96,0.20
400,6904,79.4,15.56,29.6,83.23,16.36,31.09,89.60,99.50,95.09,0.23,1.20,0.20
709,6905,73.29,18.31,25.24,77.31,19.29,26.13,121.60,37.30,76.79,0.19,1.04,0.20
226,6909,77.72,18.89,26.06,81.86,19.87,27.49,117.90,130.40,83.39,0.19,1.06,0.20
354,6910,69.3,17.81,22.99,73.41,18.73,24.23,120.60,138.70,78.00,0.21,1.12,0.20
738,6911,74.51,20.37,23.47,78.65,21.32,24.70,135.30,138.50,82.29,0.19,1.09,0.20
185,6915,82.54,19.82,28.52,88.17,20.82,30.01,120.40,129.30,98.44,0.19,1.17,0.20
194,6916,72.94,17.78,24.24,75.29,18.67,25.48,127.60,121.20,74.66,0.19,1.04,0.20
758,6917,77.06,20.27,25.35,81.52,21.30,26.68,135.20,121.10,88.99,0.19,1.14,0.20
742,6919,96.16,23.94,32.41,100.27,25.18,33.61,131.00,126.80,133.08,0.19,1.39,0.20
219,6926,71.9,17.94,24.05,75.85,18.87,25.34,129.40,125.20,75.80,0.19,1.05,0.20
361,6927,82.45,19.45,28.73,86.74,20.49,30.06,124.20,116.30,105.71,0.21,1.28,0.20
391,6928,73.01,20.32,22.3,76.05,21.35,23.17,144.20,147.10,85.23,0.21,1.18,0.20
750,6930,87.23,18.07,32.89,91.68,19.01,34.61,97.60,81.80,99.80,0.19,1.14,0.20
573,6931,88.19,22.38,29.32,92.70,23.59,30.70,128.70,132.20,114.64,0.19,1.29,0.20
753,6933,66.64,17.89,21.43,70.12,18.84,22.55,128.30,122.90,58.39,0.18,0.87,0.20
749,6934,87.51,23.2,27.62,90.85,24.45,29.06,140.90,130.80,108.69,0.19,1.25,0.20
166,6936,65.15,17.59,20.61,68.62,18.53,21.49,138.20,140.90,57.19,0.18,0.87,0.20
204,6938,65.55,16.48,21.59,68.26,17.33,22.19,135.70,137.90,62.20,0.20,0.95,0.20
743,6939,87.97,19.47,31.27,92.86,20.57,32.96,111.40,108.40,107.47,0.19,1.21,0.20
728,6943,75.04,20.72,23.97,79.69,21.80,25.26,134.70,132.60,85.49,0.19,1.12,0.20
525,6946,62.45,15.35,21.17,67.05,16.16,22.27,129.70,124.80,57.73,0.20,0.90,0.20
712,6950,64.47,16.19,21.62,67.98,17.00,22.58,130.80,122.40,59.89,0.20,0.92,0.20
317,6952,82.86,18.79,21.62,87.00,21.72,29.11,126.30,133.80,100.56,0.19,1.21,0.20
321,6953,70.42,18.15,23.07,74.90,19.09,24.34,130.90,124.00,73.07,0.19,1.02,0.20
741,6956,91.49,19.02,33.31,95.57,20.04,35.28,114.00,98.80,110.40,0.19,1.21,0.20
529,6958,69.95,17.3,23.81,73.84,18.20,24.93,126.90,121.70,72.33,0.19,1.02,0.20
711,6960,88.7,22.86,24.77,93.93,24.12,30.90,118.60,142.20,137.02,0.23,1.54,0.20
524,6961,94.63,21.33,33.79,99.03,22.41,35.53,111.30,108.60,133.79,0.21,1.42,0.20
686,6963,88,20.93,30.14,92.26,22.02,31.79,124.70,112.00,109.74,0.19,1.24,0.20
682,6966,74.39,20.69,23.99,78.61,21.77,25.29,130.60,136.50,83.39,0.19,1.11,0.20
717,6970,89.83,20.74,31.61,98.76,21.86,33.27,118.90,120.80,129.37,0.23,1.40,0.20
367,6972,75.15,15.93,26.51,77.65,16.80,28.00,110.20,103.70,75.22,0.19,1.01,0.20
359,6973,90.57,18.33,33.89,95.57,19.45,35.62,101.10,88.60,104.90,0.19,1.15,0.20
360,6974,91.12,14.79,26.33,81.49,16.83,29.87,111.00,76.30,76.62,0.19,0.98,0.20
358,6975,82.67,18.08,29.37,84.94,18.48,30.87,106.00,103.80,71.51,0.16,0.87,0.20
748,6980,68.87,14.98,24.82,71.71,15.77,26.07,110.60,89.40,62.24,0.20,0.91,0.20
345,6981,80.15,16.61,29.63,84.77,17.47,31.40,90.60,99.40,84.74,0.19,1.04,0.20
510,6982,69.59,19.11,22.06,73.36,20.10,23.25,147.80,134.30,72.83,0.19,1.04,0.20
355,6988,91.69,19.21,33.17,95.38,20.24,34.92,108.60,93.50,109.23,0.19,1.20,0.20
320,6989,82.4,21.14,26.19,84.16,22.22,27.58,133.10,125.60,94.63,0.19,1.17,0.20
189,6991,73.72,16.48,25.35,75.73,17.25,26.57,110.00,125.60,79.88,0.21,1.11,0.20
495,6994,74.76,21.01,22.36,78.44,21.99,23.53,151.80,148.40,82.68,0.19,1.10,0.20
484,6995,83.75,19.02,28.36,87.96,20.01,29.81,124.30,128.90,115.52,0.23,1.39,0.20
342,7000,64.9,15.69,22.41,69.00,16.52,23.59,124.70,112.60,49.74,0.16,0.75,0.20
193,7005,70.99,16.88,25.27,74.37,17.58,26.60,122.50,88.00,63.03,0.18,0.88,0.20
565,7009,75.75,17.91,25.95,79.99,18.84,27.33,123.80,124.40,83.27,0.19,1.09,0.20
560,7010,68.56,18.81,20.9,71.48,19.68,21.99,140.00,140.00,68.62,0.19,1.00,0.20
217,7011,48.51,14.44,14.39,52.79,15.18,15.13,123.30,139.10,31.69,0.18,0.63,0.20
176,7013,69.21,17.14,23.15,72.24,17.95,24.31,128.60,128.00,69.07,0.19,1.00,0.20
363,7014,86.78,23.57,27.36,91.23,24.81,28.81,132.90,143.80,112.85,0.19,1.29,0.20
1042,7157,65.63,16.03,21.35,68.67,16.86,22.44,123.90,112.30,64.01,0.21,0.98,0.20
1240,7160,74.4,17.15,25.21,75.63,18.06,26.49,119.00,104.80,74.28,0.19,1.03,0.20
1193,7161,67.34,12.62,25.58,70.90,13.29,26.77,93.30,95.60,56.49,0.20,0.83,0.20
1340,7163,55.67,12.01,20.29,58.70,12.67,21.35,107.90,99.00,41.57,0.20,0.74,0.21
1345,7164,66.22,14.81,23.57,69.95,15.57,24.81,118.80,119.30,61.42,0.20,0.92,0.20
1310,7166,68.91,17.01,23.41,71.81,17.84,24.40,114.80,127.70,62.06,0.18,0.90,0.20
1330,7167,75.92,20.61,23.65,79.15,21.72,24.93,147.80,140.50,92.04,0.21,1.22,0.20
1097,7169,73.07,20.29,22.57,76.97,21.35,23.78,141.40,142.40,80.40,0.19,1.09,0.20
1409,7171,83.19,20.92,27.75,87.18,22.08,29.25,130.40,129.40,100.26,0.19,1.20,0.20
1069,7173,57.27,14.89,9.34,60.68,15.66,20.43,126.80,120.90,49.08,0.20,0.85,0.20
1099,7179,85.18,20.53,28.07,86.63,21.35,29.31,125.60,128.90,99.40,0.19,1.20,0.20
1045,7184,85.19,19.92,27.86,84.92,20.77,28.92,119.10,125.30,94.82,0.19,1.17,0.20
1052,7186,85.62,16.19,32.59,89.89,17.05,34.14,100.00,80.70,73.11,0.16,0.84,0.20
1053,7189,87.24,20.9,28.41,89.65,22.02,29.67,127.10,134.10,103.88,0.19,1.21,0.20
1254,7190,68.45,18.65,21.64,72.70,19.71,22.83,136.20,142.70,64.68,0.18,0.93,0.20
1632,7191,96.16,23.23,32.94,101.40,24.45,34.75,127.60,119.30,133.61,0.19,1.38,0.20
1086,7192,64.93,18.2,19.16,67.01,19.06,20.21,146.50,141.60,60.80,0.20,0.95,0.20
1635,7198,83.67,20.37,28.28,87.42,21.46,29.84,128.50,120.20,101.36,0.19,1.21,0.20
1184,7203,78.58,16.53,28.58,80.35,17.45,29.98,104.20,88.40,79.31,0.19,1.03,0.20
1284,7205,64.07,16.83,19.79,65.93,17.61,20.71,133.60,133.70,35.80,0.12,0.56,0.20
1250,7217,87.65,16.29,33.58,92.38,17.17,35.39,86.40,101.60,98.99,0.19,1.12,0.20
1443,7220,63.78,13.71,23.52,67.81,14.46,24.81,105.10,106.90,46.17,0.16,0.70,0.20
1072,7221,72.26,19.87,22.27,75.26,20.85,23.42,138.50,152.20,76.09,0.19,1.06,0.20
1472,7223,75.88,18.3,24.31,76.63,19.23,25.54,126.10,131.90,77.54,0.19,1.06,0.20
1255,7225,84.29,20.21,28.2,87.31,21.24,29.59,126.00,121.50,98.95,0.19,1.18,0.20
1257,7232,68.26,16.11,22.99,70.47,16.80,24.17,122.10,109.00,57.55,0.18,0.85,0.20
1638,7237,71.41,17.7,23.52,74.70,18.95,24.70,133.40,127.50,74.12,0.19,1.04,0.20
1093,7239,69.88,19.21,22.01,73.11,20.21,23.11,138.00,141.10,73.06,0.19,1.04,0.20
1283,7241,64.88,17.57,19.95,67.75,18.45,21.05,141.70,140.70,62.48,0.20,0.96,0.20
1265,7242,83.04,18.63,30.22,87.04,19.59,31.74,107.00,101.20,77.72,0.16,0.93,0.20
919,7244,86.26,23.02,27.75,87.94,24.17,28.05,131.30,142.70,105.34,0.19,1.25,0.20
1276,7248,84.45,21.09,28.78,88.84,22.22,30.34,121.50,121.00,104.42,0.19,1.23,0.20
170,7250,63.41,17.91,20.53,68.58,18.14,21.63,139.10,111.00,59.50,0.20,0.91,0.20
169,7251,59.09,17.11,17.91,62.89,18.06,18.87,147.20,151.80,53.43,0.20,0.89,0.20
1352,7252,81.37,18.78,28.95,85.24,19.79,30.48,122.30,87.90,90.38,0.19,1.11,0.20
1356,7255,71.19,15.66,25.35,74.24,16.50,26.66,115.80,113.30,77.31,0.21,1.09,0.20
936,7256,71.47,19.37,21.27,71.59,20.40,22.22,129.60,145.80,70.15,0.20,1.02,0.20
1197,7261,66.62,18.04,20.45,67.89,19.01,21.27,137.60,134.00,62.50,0.20,0.96,0.20
1200,7264,71.61,19.87,22.15,75.36,20.93,23.28,149.50,146.80,76.60,0.19,1.06,0.20
1222,7268,80.7,20.21,26.69,84.59,21.19,28.11,133.30,126.40,94.87,0.19,1.17,0.20
1007,7269,82.96,17.62,30.45,87.56,18.56,32.13,104.00,101.20,93.81,0.19,1.12,0.20
1206,7271,92.74,23.31,30.53,95.38,24.59,31.88,127.40,123.40,121.68,0.19,1.33,0.20
880,7274,74.71,19.02,25.24,78.33,20.04,26.52,117.20,126.00,81.76,0.19,1.09,0.20
1204,7275,79.36,20.69,25.03,82.70,21.74,26.38,140.70,140.80,107.25,0.23,1.37,0.20
876,7277,84.43,21.96,28.07,88.85,23.42,29.34,121.10,138.50,114.84,0.21,1.35,0.20
901,7283,76.31,20.77,22.41,75.96,21.86,23.11,145.50,149.70,78.88,0.19,1.08,0.20
902,7285,81.49,19.26,28.55,85.67,20.18,30.01,110.70,121.50,95.73,0.19,1.17,0.20
1121,7286,61.38,15.82,19.49,63.38,16.58,20.52,131.50,126.10,42.86,0.16,0.70,0.20
917,7288,73.36,19.26,23.91,76.43,20.18,24.95,132.60,121.80,77.08,0.19,1.05,0.20
916,7289,75.36,17.97,26.04,79.69,18.90,27.44,123.70,119.10,82.25,0.19,1.08,0.20
1151,7291,78.1,19.37,26.29,82.79,20.46,27.72,126.00,131.20,90.18,0.19,1.14,0.20
1389,7293,82.05,20.98,25.64,83.78,21.94,26.91,132.30,138.90,94.64,0.19,1.18,0.20
1157,7294,60.84,12.64,22.09,64.43,13.65,23.33,105.80,100.90,45.60,0.18,0.74,0.20
1378,7295,75.6,20.45,23.47,79.90,21.55,24.79,149.20,146.40,93.44,0.21,1.23,0.20
1387,7296,84.29,21.06,28.18,88.92,22.16,29.64,127.50,134.50,104.91,0.19,1.23,0.20
989,7297,65.34,17.07,19.76,66.27,18.06,20.63,135.80,138.10,57.83,0.20,0.91,0.20
171,7299,86.2,20.37,28.13,87.71,21.46,29.64,122.50,117.90,118.25,0.23,1.42,0.20
426,7303,50.55,16.32,18.34,62.60,17.22,19.32,142.10,144.70,42.78,0.16,0.71,0.20
420,7304,69.18,18.2,22.91,73.30,19.20,24.14,130.30,128.90,59.17,0.16,0.84,0.20
965,7306,76.2,16.03,27.91,80.53,16.91,29.42,105.50,107.60,80.25,0.19,1.04,0.20
943,7307,69.16,17.67,22.8,73.80,18.65,24.06,133.00,139.90,71.17,0.20,1.01,0.20
1227,7309,74.71,16.72,27.36,79.02,17.64,28.83,110.00,94.10,77.11,0.19,1.02,0.20
1189,7311,71.67,19.63,22.62,75.45,20.71,23.84,138.50,143.00,77.22,0.19,1.07,0.20
1120,7314,66.49,18.09,21.37,69.98,18.98,22.50,130.70,138.10,72.89,0.21,1.09,0.20
1166,7315,62.97,17.99,19.26,65.92,18.90,20.21,149.80,137.60,54.06,0.18,0.85,0.20
1225,7321,87.07,14.45,32.01,87.39,15.18,33.69,102.70,84.90,75.51,0.18,0.90,0.20
1412,7322,74.48,19.84,23.73,78.72,20.96,25.01,135.50,142.90,98.54,0.23,1.32,0.20
1012,7326,91.08,21.35,30.69,94.61,22.53,32.35,120.20,127.40,138.40,0.23,1.54,0.20
1223,7327,61.69,13.59,22.41,81.97,16.58,30.70,99.10,92.10,72.36,0.18,0.92,0.20
1168,7331,81.11,20.1,26.46,83.55,21.19,27.91,129.90,122.70,100.73,0.21,1.27,0.20
424,7332,64.35,16.46,21.19,68.05,17.36,22.33,121.50,136.00,56.11,0.18,0.86,0.20
1037,7333,74.86,13.54,27.94,81.01,20.96,27.05,131.00,130.70,118.52,0.26,1.56,0.20
1234,7335,83.14,21.33,26.11,84.53,22.44,27.33,133.50,138.60,105.65,0.21,1.31,0.20
1186,7339,83.39,16.45,31.59,87.18,17.36,33.35,102.30,80.60,63.64,0.14,0.75,0.20
896,7343,68.68,17.85,21.32,70.42,18.84,22.39,142.30,138.10,72.47,0.21,1.08,0.20
915,7345,71.88,17.27,24.32,74.20,18.20,25.46,123.10,119.80,65.10,0.18,0.91,0.20
910,7349,74.48,21.09,23.2,78.55,22.22,24.42,147.90,140.00,107.40,0.25,1.45,0.20
1148,7351,73.64,18.99,23.89,76.08,20.04,24.90,134.50,123.80,70.51,0.18,0.96,0.20
1150,7352,80.03,19.49,27.23,76.34,20.79,23.22,138.40,154.40,77.02,0.19,1.05,0.20
1144,7354,76.26,18.15,23.52,75.98,19.12,24.65,136.90,133.80,89.43,0.23,1.24,0.20
1027,7355,65.52,16.8,21.83,68.78,17.72,23.00,124.60,131.20,63.49,0.20,0.96,0.20
883,7356,75.24,18.52,25.53,78.71,19.51,26.85,121.80,126.10,81.88,0.19,1.09,0.20
1159,7357,83.13,20.9,27.46,86.68,22.05,28.92,132.70,126.60,118.27,0.23,1.44,0.20
1033,7359,69.41,16.82,23.42,72.29,17.72,24.65,120.80,119.30,75.02,0.21,1.09,0.20
1111,7360,73.88,19.98,23.44,76.84,21.05,24.67,123.60,133.80,87.23,0.21,1.19,0.20
1165,7361,85.33,20.88,28.73,89.98,21.99,30.31,126.10,125.40,105.74,0.19,1.23,0.20
1269,7366,69.19,16.46,22.01,70.54,17.50,23.17,140.10,126.10,44.66,0.14,0.65,0.20
514,7369,75.86,15.88,28.07,80.94,16.83,29.56,100.40,109.50,51.45,0.14,0.66,0.21
591,7370,82.09,17.15,29.13,84.21,17.98,30.73,116.20,96.00,69.93,0.16,0.86,0.20
1336,7373,78.31,21.43,25.21,83.16,22.55,26.60,120.30,140.80,92.13,0.19,1.16,0.20
850,7376,77.39,20.37,25.19,80.90,21.44,26.54,122.10,135.20,87.03,0.19,1.12,0.20
238,7378,71.69,19.1,23.05,75.41,20.10,24.09,120.80,146.10,75.53,0.19,1.05,0.20
428,7380,83.14,22.49,26.19,87.11,23.61,27.49,132.90,144.90,103.10,0.19,1.24,0.20
251,7384,83.23,20.98,27.2,86.79,21.97,28.58,127.10,138.20,109.61,0.21,1.33,0.20
480,7387,62.3,17.14,19.71,68.79,17.92,20.77,143.10,128.20,36.19,0.12,0.54,0.20
247,7388,78.72,20.56,24.26,79.53,21.63,25.23,128.60,127.00,81.41,0.19,1.08,0.20
105,7389,78.55,21.4,24.82,82.03,22.50,26.13,134.80,132.10,81.33,0.18,1.03,0.20
387,7390,80.97,18.28,28.89,84.72,19.20,30.23,114.60,106.60,81.59,0.18,1.00,0.20
402,7392,104.45,20.05,39.53,110.53,21.16,41.42,100.40,92.40,113.64,0.16,1.07,0.20
397,7393,77.99,16.99,27.52,81.00,17.75,28.81,116.20,96.90,78.95,0.19,1.02,0.21
481,7394,76.51,19.9,25.14,80.11,20.96,26.46,113.00,139.30,76.89,0.18,1.00,0.20
274,7395,89.06,20.84,29.74,90.78,21.94,30.73,124.60,127.80,88.49,0.16,1.01,0.20
15,7397,92.11,22.83,28.15,90.81,24.03,29.28,143.10,127.30,100.44,0.18,1.15,0.20
32,7399,85.11,21.61,27.7,88.33,22.66,29.14,133.80,122.80,83.77,0.16,0.98,0.20
31,7400,82.65,22.33,26.33,87.25,23.45,27.44,134.10,145.40,92.30,0.18,1.10,0.20
187,7401,96.21,21.56,34.58,100.71,22.66,36.01,111.20,105.10,103.32,0.16,1.06,0.20
1191,7402,60.74,16.56,19.61,66.21,17.19,20.46,128.20,138.70,49.91,0.18,0.78,0.20
816,7403,73.59,18.99,24.5,77.80,19.99,25.79,137.80,117.10,73.05,0.18,0.98,0.20
1115,7407,83.02,16.06,31.01,87.60,16.64,32.63,87.70,81.70,67.01,0.16,0.79,0.20
734,7409,61.09,14.26,20.8,65.55,14.96,21.91,131.90,121.10,47.10,0.18,0.75,0.20
922,7410,83.25,23.6,24.29,87.94,24.79,25.54,155.60,151.20,111.90,0.21,1.34,0.20
869,7412,66.97,19.05,20.53,70.04,19.99,21.30,146.30,134.20,65.17,0.20,0.97,0.20
1190,7413,83.78,22.06,26.56,86.84,23.19,27.94,131.60,129.10,90.68,0.18,1.09,0.20
1187,7414,81.48,20.69,26.9,85.66,21.72,28.30,126.90,127.90,88.08,0.18,1.07,0.20
976,7416,69.32,19.16,22.09,72.82,20.12,23.19,129.00,130.60,84.56,0.23,1.22,0.20
229,7417,66.85,19.34,19.76,69.34,20.29,20.65,144.40,146.80,64.24,0.20,0.97,0.20
661,7418,88.7,22.73,28.58,92.38,23.92,30.06,132.60,137.10,60.35,0.10,0.67,0.20
116,7419,66.16,16.48,20.03,64.77,17.31,20.88,127.60,140.40,51.33,0.18,0.82,0.20
384,7420,63.12,15.74,21.32,68.04,16.61,22.39,129.90,118.40,52.52,0.18,0.80,0.20
545,7421,85.55,23.15,27.22,89.72,24.37,28.47,137.50,138.40,109.35,0.19,1.27,0.20
541,7422,77.02,17.73,27.46,81.06,18.59,28.78,113.00,111.40,75.77,0.18,0.97,0.20
535,7423,85.31,17.51,31.12,89.81,18.42,32.77,105.80,103.00,106.65,0.21,1.25,0.20
365,7424,79.28,20.69,25.35,83.34,21.77,26.68,137.80,128.90,83.29,0.18,1.04,0.20
245,7425,74.73,21.82,21.88,78.12,22.92,23.00,147.00,150.70,75.67,0.18,1.01,0.20
598,7428,76.78,20.84,23.94,80.65,21.83,25.18,134.80,143.80,87.82,0.19,1.14,0.20
588,7429,69.35,18.54,22.06,72.99,19.51,23.19,121.60,132.40,61.60,0.18,0.88,0.20
554,7430,83.84,21.48,27.07,88.15,22.61,28.50,134.90,137.10,102.05,0.19,1.21,0.20
578,7432,97.76,21.51,34.29,101.16,22.61,36.09,103.70,111.10,115.60,0.18,1.19,0.20
23,7435,91.39,18.12,34.69,96.40,19.09,36.56,98.50,97.00,98.90,0.18,1.07,0.20
183,7436,53.63,15.61,16.17,66.22,16.38,16.94,141.40,139.80,31.50,0.14,0.49,0.20
128,7437,66.19,14.47,14.08,69.94,15.27,25.34,99.50,108.50,54.34,0.18,0.81,0.20
14,7439,72.17,18.15,23.39,74.53,18.95,24.45,130.60,131.40,59.22,0.16,0.82,0.20
4,7440,81.92,19.49,28.23,86.51,20.52,29.73,122.10,126.90,68.87,0.14,0.82,0.20
982,7442,63.63,13.97,23.15,69.71,14.68,24.51,101.30,103.60,45.69,0.16,0.68,0.20
744,7443,81.37,21.99,25.4,85.85,23.17,26.57,147.10,146.40,80.57,0.16,0.97,0.20
739,7446,82.66,20.37,27.75,86.73,21.30,29.22,139.50,114.60,88.45,0.18,1.06,0.20
959,7447,77.32,19.68,25.98,80.45,20.63,27.30,124.10,125.40,93.72,0.21,1.22,0.20
1094,7448,79.58,23.31,23.94,83.66,24.42,25.04,148.20,151.50,95.56,0.19,1.19,0.20
836,7451,69.22,19.58,20.77,73.07,20.60,21.74,139.80,147.90,57.05,0.16,0.81,0.20
1243,7454,74.94,20.72,23.87,79.18,21.83,24.95,142.40,132.30,61.05,0.14,0.80,0.20
1092,7455,73.67,16.77,25.9,78.82,17.67,27.27,108.00,117.20,76.02,0.19,1.01,0.20
849,7456,90.8,23.28,29.31,95.56,24.45,30.87,139.20,137.40,109.88,0.18,1.20,0.20
1071,7458,58.14,15.71,17.8,60.90,16.52,18.53,109.70,145.30,44.26,0.18,0.76,0.20
114,7694,94.15,27.19,28.33,99.33,28.64,29.84,156.80,135.70,158.95,0.23,1.68,0.20
1038,7704,57.16,11.95,21.04,67.82,12.53,22.55,102.90,98.10,44.15,0.20,0.68,0.20
453,7714,79.37,16.03,22.55,85.12,16.89,31.21,96.80,105.80,76.44,0.18,0.93,0.20
677,7722,54.35,15.63,16.64,58.76,16.44,17.33,144.50,139.60,48.75,0.21,0.87,0.20
1410,7723,49.77,14.02,15.43,57.10,14.79,16.22,138.50,143.70,37.69,0.20,0.69,0.20
1434,7727,67.71,18.25,22.06,73.26,19.23,23.25,145.20,126.50,69.12,0.20,0.98,0.20
99,7741,70.73,19.49,21.88,82.67,17.19,30.03,89.30,102.30,64.32,0.16,0.81,0.20
