,perimeter1_cm,width1_cm,heigth1_cm,perimeter2_cm,width2_cm,heigth2_cm,prox_angl_macr,distal_angl_macr,tomat_pericap_area,tomat_pericap_area_ratio,tomat_pericap_thick,tomat_pericap_thick_ratio,photo_id
0,78.31,21.43,25.21,83.16,22.55,26.6,120.3,140.8,92.13,0.19,1.16,0.2,7373.0
1,80.39420355294716,21.2316762578065,25.322381194430758,82.94454647957716,22.32817682365788,26.63312085095738,129.44705631656228,140.46157295852694,94.66391180228041,0.19686344191374644,1.192223830531809,0.20000760226681288,7373.0
2,64.07,16.83,19.79,65.93,17.61,20.71,133.6,133.7,35.8,0.12,0.56,0.2,7205.0
3,63.56890422875148,16.621856245497856,20.405467175863674,67.7065553815712,17.50644180464667,21.603573999668775,135.49465039359862,129.24514308285922,54.008178697199185,0.17843736065955176,0.8172790225459896,0.20001162639140144,7205.0
4,64.22,17.38,20.79,69.87,18.34,21.97,130.3,139.8,62.73,0.2,0.94,0.2,6894.0
5,64.6181150138484,17.236559900193363,20.498601803462133,69.9355711513592,18.18734599870663,22.256365134572334,130.79679585623416,135.78248505879063,59.79929646189929,0.18086911094599087,0.8761174889013792,0.20001135850774932,6894.0
6,91.12,14.79,26.33,81.49,16.83,29.87,111.0,76.3,76.62,0.19,0.98,0.2,6974.0
7,77.00004753834416,15.799273413705231,28.297579535653398,80.22867059381784,16.60887592443141,29.704878518628547,110.62069574519131,89.97684861202069,70.80270935829172,0.17948868966784917,0.9199411950478275,0.20000647818438227,6974.0
8,61.69,13.59,22.41,81.97,16.58,30.7,99.1,92.1,72.36,0.18,0.92,0.2,7327.0
9,79.50803179487247,15.987644159526205,28.64927315723988,82.72892647457316,16.824470893052045,30.599872308705702,104.76714241716392,95.09871201627178,77.31881226316858,0.18717755376746814,0.9755623162677193,0.20000203800946342,7327.0
10,67.71,18.25,22.06,73.26,19.23,23.25,145.2,126.5,69.12,0.2,0.98,0.2,7727.0
11,66.83177291269158,19.007219865670287,17.36554001581212,75.05756111987986,19.460298105605546,23.655715099660185,134.91621585903965,124.71844816644949,74.20860714721695,0.19400782941067768,1.0037974477180125,0.2000222756900775,7727.0
12,80.15,16.61,29.63,84.77,17.47,31.4,90.6,99.4,84.74,0.19,1.04,0.2,6981.0
13,79.6092209647743,17.15641083445498,28.982453751467247,83.54601785018549,17.90448897202071,30.47569167533343,105.31914258114404,104.56101049317923,84.85059558588962,0.19036514272997201,1.0608824223580744,0.2000123056353409,6981.0
14,62.3,17.14,19.71,68.79,17.92,20.77,143.1,128.2,36.19,0.12,0.54,0.2,7387.0
15,65.76296098375802,17.598488175786343,21.329091004018974,70.21747539645341,18.481745484857246,22.15249585987812,134.46720545287678,125.97297956082522,55.4382282731392,0.17093897667558444,0.8152910780491067,0.20000868052220475,7387.0
16,60.84,12.64,22.09,64.43,13.65,23.33,105.8,100.9,45.6,0.18,0.74,0.2,7294.0
17,64.11650541325007,13.476868493888366,22.91392212886291,68.48304809812984,14.355550120438231,24.30120003316424,108.77501645121075,109.73276474589142,55.85297799301041,0.197827949047144,0.8425769782054034,0.20004025821428176,7294.0
18,70.99,16.88,25.27,74.37,17.58,26.6,122.5,88.0,63.03,0.18,0.88,0.2,7005.0
19,72.05015134090287,17.167283415217028,24.990152693804745,75.12296643678653,18.012391848663164,26.051311190877954,120.33074607864808,108.87935750299901,70.3209383267079,0.187238936646279,0.9762540097267262,0.20000986791538078,7005.0
20,63.41,17.91,20.53,68.58,18.14,21.63,139.1,111.0,59.5,0.2,0.91,0.2,7250.0
21,66.30129033452724,16.985973984586376,21.97757704566122,68.08157817995306,17.86796533128649,22.201385149149576,136.0062166270007,126.89824583656204,57.502016868151195,0.17930964452013598,0.877403713031947,0.20000076816823242,7250.0
22,74.48,21.09,23.2,78.55,22.22,24.42,147.9,140.0,107.4,0.25,1.45,0.2,7349.0
23,74.42147032915504,20.219237460615567,23.184258650281116,76.93447938632445,21.433469010768267,24.05797374025878,140.06331853590075,142.90025286756196,89.11860633255374,0.20777938353793035,1.204198405036523,0.20000002767329836,7349.0
24,66.16,16.48,20.03,64.77,17.31,20.88,127.6,140.4,51.33,0.18,0.82,0.2,7419.0
25,62.429204445293976,16.99865712750728,20.259487361075085,67.38278811284361,17.70506620887844,21.33570060703632,126.95501839693162,131.74617162048938,53.446822945237955,0.1737931005893593,0.8162411315951832,0.19999975249832164,7419.0
26,71.75,18.83,23.25,77.83,19.54,24.81,131.2,138.2,75.28,0.19,1.01,0.2,6830.0
27,72.19729783842793,18.606092753405687,23.429719355802806,75.61637493197692,19.47584520381347,24.673664850570923,134.41952131234171,136.20283103704844,75.40011162749732,0.1942527249271019,1.0500307342185722,0.2000050855220457,6830.0
28,61.09,14.26,20.8,65.55,14.96,21.91,131.9,121.1,47.099999999999994,0.18,0.75,0.2,7409.0
29,64.1709794471046,15.241664466260357,21.77073569792101,69.16845750877279,16.111030694691056,22.53067319042442,127.29583758879208,122.57091252094823,48.98985597198589,0.1765824934464243,0.7445670622911814,0.2000135392036826,7409.0
30,92.74,23.31,30.53,95.38,24.59,31.88,127.4,123.4,121.68,0.19,1.33,0.2,7271.0
31,89.33991335464545,22.571939754873014,29.515223075517916,93.27202003104334,23.767251704940332,30.747555292545293,128.82830649918486,128.8954811595624,121.94878294822597,0.20123156675656406,1.3715345864824984,0.20000573077526113,7271.0
32,81.11,19.58,27.91,85.42,20.57,29.31,122.8,121.7,93.8,0.19,1.15,0.2,6893.0
33,79.88803965478768,19.278547598557036,27.075794729856653,83.55748881973484,20.238633262646434,28.46384572345926,125.49314348058111,123.18485100226337,93.9360160950337,0.19690239091002232,1.1712831583150485,0.20000635560503152,6893.0
34,91.39,18.12,34.69,96.4,19.09,36.56,98.5,97.0,98.9,0.18,1.07,0.2,7435.0
35,90.4125208790741,18.41747358377773,33.425892012174636,94.55237575666001,19.224968692670416,35.1630698450512,98.5098749826207,95.93812151281249,91.33208024012703,0.1711708185267146,1.007197001630391,0.20001327089454202,7435.0
36,65.15,17.59,20.61,68.62,18.53,21.49,138.2,140.9,57.19,0.18,0.87,0.2,6936.0
37,65.92141443574876,17.659502954217327,21.503141884887405,69.30017918588601,18.605422666944136,22.06715019310068,137.22018285078875,136.62092763911124,70.79969965035707,0.21035537315222974,1.066349928831328,0.20000870131311702,6936.0
38,75.92,20.61,23.65,79.15,21.72,24.93,147.8,140.5,92.04,0.21,1.22,0.2,7167.0
39,76.55604865505376,20.13494979169868,24.050083992446027,79.59501813339537,21.197067612680957,25.543899854917292,138.7002755614611,137.6676876985883,84.48921982894551,0.19080460069381847,1.115014803980758,0.20000466953940677,7167.0
40,74.31,18.11,23.28,74.99,18.87,24.65,135.0,127.0,73.71,0.19,1.03,0.2,6859.0
41,72.63582614321675,18.41954761396052,23.714403486136174,76.43831002113382,19.276361688148935,25.182902414089547,130.90213711632668,128.77411232551435,73.2093430651162,0.18744467518486405,1.0064383419389928,0.2000039589833864,6859.0
42,60.74,16.56,19.61,66.21,17.19,20.46,128.2,138.7,49.91,0.18,0.78,0.2,7402.0
43,63.56443006109052,17.17306469150525,20.517176864640845,67.22175186554917,18.072441648758296,21.16799135434107,128.92961767578376,135.8718346537905,56.55768378234733,0.187633074145535,0.8734537967626111,0.19999834007978332,7402.0
44,86.26,23.02,27.75,87.94,24.17,28.05,131.3,142.7,105.34,0.19,1.25,0.2,7244.0
45,83.00190276794227,22.0186084485212,25.820431386154095,85.73998298101547,23.18520136030445,27.378737951859115,134.66407842460384,138.9925680235533,101.72308923153071,0.1959973615290089,1.2444907146965136,0.2000037132541436,7244.0
46,74.58,14.73,27.44,80.63,15.52,28.92,108.6,101.7,63.5,0.18,0.81,0.2,6746.0
47,75.88698815406732,15.130080554753928,28.405308382023623,80.73982913980126,16.04569832384816,29.277561928749122,107.29143435808928,96.63844833776962,61.24317010086786,0.16884901261376023,0.7962233394510004,0.20000360671764097,6746.0
48,77.87,15.85,28.92,81.6,16.64,30.23,101.9,106.6,79.62,0.19,1.02,0.2,6900.0
49,77.60743694784719,16.421233128749527,28.341564818830264,81.46257438967952,17.176409314935828,29.61200947604885,105.74741983859161,106.12400464329039,69.88580176642775,0.1734876405355651,0.9045019308880928,0.2000052821363846,6900.0
50,66.22,14.81,23.57,69.95,15.57,24.81,118.8,119.3,61.42,0.2,0.92,0.2,7164.0
51,67.5140346285583,15.128090440321309,23.379894503763687,70.71609348251364,16.04023135650107,24.737140331937614,114.7755502735326,111.86204836862711,64.82544192313135,0.20333454162455614,0.9506388605387611,0.20001771005409075,7164.0
52,87.99,20.06,31.75,92.94,21.1,33.44,114.2,99.2,126.21,0.23,1.43,0.2,6765.0
53,88.07059615956015,19.9703905931849,31.328443656356193,92.14337754295194,20.974728814224964,32.690794146249644,115.293144338498,108.68165581730791,103.91845340781897,0.19063614251561825,1.1851813458801057,0.2000137968079209,6765.0
54,84.43,21.96,28.07,88.85,23.42,29.34,121.1,138.5,114.84,0.21,1.35,0.2,7277.0
55,83.85396063594581,21.64615779583175,27.591010771093245,87.87003550434558,22.87488475330333,28.703377081832333,129.18710082661906,132.54277929710332,117.01264486908397,0.21564721089371783,1.390919531660776,0.20000605118739492,7277.0
56,77.39,20.37,25.19,80.9,21.44,26.54,122.1,135.2,87.03,0.19,1.12,0.2,7376.0
57,78.52197200966181,20.15136977040261,25.698095450265715,81.50599071293915,21.19474946115697,26.979257532884038,125.69311191106112,129.29138714706832,82.21319881949034,0.1815975649364384,1.0555273294906062,0.20000693941384848,7376.0
58,65.49,16.66,20.98,68.37,17.56,21.69,130.9,136.6,54.73,0.18,0.83,0.2,6781.0
59,65.65647102733642,17.29251905441005,21.349902587783838,69.81401111105276,18.206335409991873,22.306301302593788,131.50035123937835,133.37559618305252,59.76213081283108,0.18004551658345302,0.88136052055681,0.20000473237631283,6781.0
60,104.45,20.05,39.53,110.53,21.16,41.42,100.4,92.4,113.64,0.16,1.07,0.2,7392.0
61,99.43877820965781,20.708526307502993,36.490009819500486,103.49427041737738,21.725026102504543,37.830931623094486,106.78149591941063,99.3891176266033,109.69551195431671,0.16339624344544004,1.0962689248654658,0.20002675459894947,7392.0
62,86.08,19.15,29.37,89.23,19.87,30.95,108.0,128.3,79.42,0.16,0.92,0.2,6813.0
63,82.91204051051102,19.472977312836637,28.23619503726359,86.72455565126705,20.520336251291845,30.097755534908615,114.88712557587021,127.2267001204453,85.90249685775456,0.17394867003336714,1.0441072286032491,0.19999138093595317,6813.0
64,69.22,19.58,20.77,73.07,20.6,21.74,139.8,147.9,57.05,0.16,0.81,0.2,7451.0
65,68.70506461328088,19.201166553640768,21.497690027397653,72.86735287465783,20.228544225813675,22.618716622939694,139.70377116733573,142.33684498558404,65.26954986201005,0.17718002007707515,0.9341462066290944,0.20000276749971924,7451.0
66,56.49,12.27,20.96,64.51,12.92,22.08,104.5,105.2,40.44,0.18,0.65,0.2,6778.0
67,56.94784147195519,13.03920998005337,20.21164860821102,64.72636221891999,13.741871840790955,21.95441679409163,103.52795894741541,110.03563941894404,32.86886399527039,0.15720622383369054,0.5458027879490714,0.20001028328879766,6778.0
68,75.04,20.72,23.97,79.69,21.8,25.26,134.7,132.6,85.49,0.19,1.12,0.2,6943.0
69,75.77602466298119,20.20480452707462,23.8649904560964,79.03405291225563,21.205906175090394,25.262594057622994,135.57560669330607,134.7428810808958,84.98289054719467,0.19362025968984106,1.1213116169347301,0.20001411786795753,6943.0
70,89.06,20.84,29.74,90.78,21.94,30.73,124.6,127.8,88.49,0.16,1.01,0.2,7395.0
71,86.91163779503631,21.022431255720928,29.2072902458677,89.9610807743863,22.033533127960723,30.530298771531967,123.76981936028854,124.07470481664586,91.24938075728465,0.16902422684439852,1.0549922489495869,0.20001542736664496,7395.0
72,57.16,11.95,21.04,67.82,12.529999999999998,22.55,102.9,98.1,44.15,0.2,0.68,0.2,7704.0
73,57.38362540213281,13.05765015203236,16.687111215549482,66.42565302997458,13.088790582704188,23.43263592890466,101.82421915029906,99.09330437200649,50.70407318234393,0.20213810921780062,0.7910516871070805,0.2000237845010873,7704.0
74,65.64,17.99,20.87,69.71,18.81,21.77,136.4,141.7,52.74,0.16,0.78,0.2,6836.0
75,66.23260083934669,17.8652670976076,21.467831421212864,70.78063564429382,18.819663208158307,22.257093353140412,136.24031434820768,139.24297791265917,56.69574352403761,0.17023109391770067,0.826776569185702,0.2000027644922896,6836.0
76,81.48,20.69,26.9,85.66,21.72,28.3,126.9,127.9,88.08,0.18,1.07,0.2,7414.0
77,81.98055812374733,20.887243432998247,26.89413631626737,85.62352069517377,21.93232610285372,28.25163960480238,126.58970238305297,130.20630401025068,77.16316301883595,0.15937259347206487,0.9416719666778758,0.2000051825914306,7414.0
78,69.41,16.82,23.42,72.29,17.72,24.65,120.8,119.3,75.02,0.21,1.09,0.2,7359.0
79,71.35945096354033,17.12190641212299,23.815568188292268,73.32841320067891,18.109938289414693,25.009008339119568,120.3914486366392,125.8466097808667,74.31747703543839,0.19984096107855903,1.0491596495012205,0.19999213632298254,7359.0
80,61.37,15.29,20.53,65.87,16.11,21.38,127.1,131.6,54.97,0.2,0.87,0.2,6872.0
81,63.597386386878675,15.854243419049661,21.204806246450616,68.96091717303443,16.665361736481554,22.168240874960674,125.0613720794505,130.49834088226763,56.096579272769716,0.1912164569977213,0.8540423306918503,0.20000523406586135,6872.0
82,69.93,17.7,20.82,69.66,18.62,21.88,132.1,142.5,64.26,0.2,0.96,0.2,6903.0
83,68.22996639229811,18.00870507874862,22.037400020608473,71.07014009291699,18.88111141576815,22.712875025558542,134.35098844003406,138.9062645527293,67.74934326545409,0.19898800017848797,0.9983638411970783,0.20000082560917146,6903.0
84,87.23,18.07,32.89,91.68,19.01,34.61,97.6,81.8,99.8,0.19,1.14,0.2,6930.0
85,86.01783612148441,18.418709300507984,32.05978018610249,90.3323040550058,19.29336827624465,33.279378611532785,105.53525838065079,90.85379203819585,98.53756453955981,0.18893880325549767,1.1329457856041605,0.2000197389376836,6930.0
86,78.1,19.37,26.29,82.79,20.46,27.72,126.0,131.2,90.18,0.19,1.14,0.2,7291.0
87,81.11415670572977,19.78948753385418,26.79989715617198,83.21885986517628,20.80888734261109,27.751318328772612,130.99017638080983,127.07344108220596,92.67681162294589,0.19463992269195046,1.1651588159977482,0.20001889213833152,7291.0
88,83.78,22.06,26.56,86.84,23.19,27.94,131.6,129.1,90.68,0.18,1.09,0.2,7413.0
89,82.03643219675011,21.601075135695897,26.00558841818587,84.51357678681109,22.58189790822973,27.124734411496416,134.07066099842956,134.82254573650704,86.84579818284018,0.17900355382491343,1.0691874718156165,0.20001626647819457,7413.0
90,86.09,21.09,28.92,90.7,22.22,30.45,126.9,127.9,77.19,0.14,0.88,0.2,6800.0
91,84.99200301135635,21.44372994853688,28.054303234139915,88.76133602875319,22.49819688533859,29.57644787774088,130.24009969273718,128.39595229339042,87.52361696967074,0.16206500837200372,1.0243144166193134,0.20000160352774762,6800.0
92,71.88,17.27,24.32,74.2,18.2,25.46,123.1,119.8,65.1,0.18,0.91,0.2,7345.0
93,72.64734548660005,17.38320499954393,24.009379510191398,74.26248428800712,18.30295994771063,25.20135591160163,123.25586889796897,122.51528243871104,70.5685455931264,0.18650862230188486,0.9867219508627783,0.19999392173048725,7345.0
94,88.9,22.7,28.92,93.38,23.86,30.4,134.4,133.0,126.70000000000002,0.21,1.42,0.2,6831.0
95,88.68556246178117,22.600687148146918,29.283773877642904,92.82779064598613,23.665839652565047,30.46528641328304,133.86881620398074,134.60902742010617,112.25894267839689,0.18757374199937868,1.2628471138841317,0.19999598177143796,6831.0
96,69.88,19.21,22.01,73.11,20.21,23.11,138.0,141.1,73.06,0.19,1.04,0.2,7239.0
97,70.99831682286603,18.961062385673433,22.41098598730047,73.33782673077594,19.915255603024622,23.332508716362927,136.3426596429176,138.09369205253503,72.40044822782237,0.19471498203273296,1.0308927085664303,0.20000766405933823,7239.0
98,64.47,16.19,21.62,67.98,17.0,22.58,130.8,122.4,59.89,0.2,0.92,0.2,6950.0
99,66.0878487066458,16.52925361820742,22.27346717872616,69.41230876003407,17.42459978094938,23.046230245006157,128.86396912613296,124.16766781024154,60.146833545582155,0.17820180613661452,0.8826921904293197,0.20001155705612653,6950.0
100,62.97,17.99,19.26,65.92,18.9,20.21,149.8,137.6,54.06,0.18,0.85,0.2,7315.0
101,64.98607389854934,17.851760469643096,20.16637612327746,67.36928247992444,18.83645993117383,20.879236165152232,139.55950950177515,142.68544420259232,61.381214536600076,0.19314543873750106,0.9458511999161721,0.20000533526441813,7315.0
102,62.94,15.58,21.91,66.89,16.27,22.86,121.0,113.9,50.37,0.18,0.78,0.21,6834.0
103,63.69259024048146,15.652343179205385,21.92717710960597,69.33101332957133,16.439179236492095,23.00897928291366,122.12170336222283,104.32205596931487,48.15177406412468,0.1664579142085219,0.7148692488036417,0.2000081486519877,6834.0
104,83.39,16.45,31.59,87.18,17.36,33.35,102.3,80.6,63.64,0.14,0.75,0.2,7339.0
105,82.31922461489913,16.139199169515056,30.434346655145607,85.61195920529653,17.04238945073732,32.12804646258822,107.32835789111684,86.3839254250851,77.02863982311396,0.1726423468270346,0.9279846541422717,0.20000084571350013,7339.0
106,69.59,19.11,22.06,73.36,20.1,23.25,147.8,134.3,72.83,0.19,1.04,0.2,6982.0
107,71.79432993224297,19.23817956677881,22.90022002760334,74.70855561573607,20.220264610598193,23.833778742399474,141.88030521153925,137.5356822226483,80.40213072447654,0.20173450176500823,1.126204636762324,0.20001012969714194,6982.0
108,69.95,17.3,23.81,73.84,18.2,24.93,126.9,121.7,72.33,0.19,1.02,0.2,6958.0
109,71.98505339295858,17.81563593333322,23.83520418032832,75.24345716921978,18.72906674400409,25.337774748654155,127.62526287431035,123.43845394060595,76.0017359636605,0.1954544963564355,1.0562720549458642,0.2000088865262998,6958.0
110,69.19,16.46,22.01,70.54,17.5,23.17,140.1,126.1,44.66,0.14,0.65,0.2,7366.0
111,68.04238199808125,17.19319265485762,22.66041177253724,72.03268245137188,18.353362431187506,22.68956221850575,129.54387682869688,130.93666496595566,49.97422666117008,0.1612994372302546,0.7215947226494781,0.2000033780562866,7366.0
112,77.96,15.43,29.45,83.58,16.3,31.07,99.0,98.6,66.09,0.16,0.82,0.2,6797.0
113,79.097123879433,16.282955165356334,28.81644819937438,83.84561619137004,17.087934451203637,30.640849580705062,103.31444551795605,103.8730755222502,71.92786842405285,0.17276901927054358,0.9016512090301898,0.20000575432217807,6797.0
114,66.64,17.89,21.43,70.12,18.84,22.55,128.3,122.9,58.39,0.18,0.87,0.2,6933.0
115,68.78434197899013,18.2215051007571,22.376604505498136,71.51217479802477,19.10402003649941,23.131494826453675,133.45866096890887,132.84303044922314,70.73333301621416,0.19841745336778008,1.0298112668058068,0.20001146444470003,6933.0
116,87.24,20.9,28.41,89.65,22.02,29.67,127.1,134.1,103.88,0.19,1.21,0.2,7189.0
117,84.57199603297602,20.867472425704662,27.92800237743456,87.34302965946117,21.94992198441808,29.086724764211983,127.70485669494859,129.2148215819061,104.9903686112965,0.19789771452049928,1.2539242431385738,0.20000521901904297,7189.0
